{"cameraMode":{"drawMode":0,"name":"Shaded","section":"Shading Mode"},"sceneLighting":true,"audioPlay":false,"sceneViewState":{"m_AlwaysRefresh":false,"showFog":true,"showSkybox":true,"showFlares":true,"showImageEffects":true,"showParticleSystems":true,"showVisualEffectGraphs":true,"m_FxEnabled":true},"in2DMode":false,"pivot":{"x":-6.309999942779541,"y":2.390000104904175,"z":5.989999771118164},"rotation":{"x":0.005212539806962013,"y":-0.9820443391799927,"z":0.027403252199292184,"w":0.18662354350090028},"size":1.3038787841796876,"orthographic":true}