{"cameraMode":{"drawMode":0,"name":"Shaded","section":"Shading Mode"},"sceneLighting":true,"audioPlay":false,"sceneViewState":{"m_AlwaysRefresh":false,"showFog":true,"showSkybox":true,"showFlares":true,"showImageEffects":true,"showParticleSystems":true,"showVisualEffectGraphs":true,"m_FxEnabled":true},"in2DMode":false,"pivot":{"x":-2.0669455528259279,"y":6.962400913238525,"z":14.455085754394532},"rotation":{"x":-0.02933873049914837,"y":0.9658385515213013,"z":-0.22437937557697297,"w":-0.12628811597824098},"size":5.720885753631592,"orthographic":true}