{"cameraMode":{"drawMode":0,"name":"Shaded","section":"Shading Mode"},"sceneLighting":true,"audioPlay":false,"sceneViewState":{"m_AlwaysRefresh":false,"showFog":true,"showSkybox":true,"showFlares":true,"showImageEffects":true,"showParticleSystems":true,"showVisualEffectGraphs":true,"m_FxEnabled":true},"in2DMode":false,"pivot":{"x":0.49639272689819338,"y":1.3400001525878907,"z":4.858969211578369},"rotation":{"x":0.005212539806962013,"y":-0.9820443391799927,"z":0.027403252199292184,"w":0.18662354350090028},"size":2.149686336517334,"orthographic":true}